tcpDumpTimestamp;User_Name;NAS_IP_Address;Framed_IP_Address;NAS_Identifier;Acct_Status_Type;Acct_Delay_Time;Acct_Input_Octets;Acct_Output_Octets;Acct_Session_Id;Acct_Input_Gigawords;Acct_Output_Gigawords;Event_Timestamp;Framed_IP_Netmask;Acct_Unique_Session_Id;Timestamp
Tue Jun  9 00:03:48 2015;taki_dsl_p;192.168.53.11;78.92.255.12;MT_HAAP_INFOG;Interim-Update;0;410536;1117830;MT_HAAP030000000000000d6cf6283648;0;0;Jun  9 2015 00:03:47 CEST;255.255.255.255;3a48eb713547a3be;1433801028;
Tue Jun  9 00:08:19 2015;elemerA016_dsl;192.168.53.11;78.92.255.8;MT_HAAP_INFOG;Interim-Update;0;83790;101750;MT_HAAP020000000000001db25e283653;0;0;Jun  9 2015 00:08:19 CEST;255.255.255.255;a4a559c8c5d03422;1433801299;
Tue Jun  9 00:13:48 2015;taki_dsl_p;192.168.53.11;78.92.255.12;MT_HAAP_INFOG;Interim-Update;0;420552;1136665;MT_HAAP030000000000000d6cf6283648;0;0;Jun  9 2015 00:13:47 CEST;255.255.255.255;3a48eb713547a3be;1433801628;
Tue Jun  9 00:18:19 2015;elemerA016_dsl;192.168.53.11;78.92.255.8;MT_HAAP_INFOG;Interim-Update;0;83790;102545;MT_HAAP020000000000001db25e283653;0;0;Jun  9 2015 00:18:19 CEST;255.255.255.255;a4a559c8c5d03422;1433801899;
Tue Jun  9 00:23:48 2015;taki_dsl_p;192.168.53.11;78.92.255.12;MT_HAAP_INFOG;Interim-Update;0;430230;1152518;MT_HAAP030000000000000d6cf6283648;0;0;Jun  9 2015 00:23:47 CEST;255.255.255.255;3a48eb713547a3be;1433802228;
Tue Jun  9 00:28:19 2015;elemerA016_dsl;192.168.53.11;78.92.255.8;MT_HAAP_INFOG;Interim-Update;0;83790;102715;MT_HAAP020000000000001db25e283653;0;0;Jun  9 2015 00:28:19 CEST;255.255.255.255;a4a559c8c5d03422;1433802499;
Tue Jun  9 00:33:48 2015;taki_dsl_p;192.168.53.11;78.92.255.12;MT_HAAP_INFOG;Interim-Update;0;431322;1159422;MT_HAAP030000000000000d6cf6283648;0;0;Jun  9 2015 00:33:47 CEST;255.255.255.255;3a48eb713547a3be;1433802828;
Tue Jun  9 00:38:19 2015;elemerA016_dsl;192.168.53.11;78.92.255.8;MT_HAAP_INFOG;Interim-Update;0;83790;102949;MT_HAAP020000000000001db25e283653;0;0;Jun  9 2015 00:38:19 CEST;255.255.255.255;a4a559c8c5d03422;1433803099;
Tue Jun  9 00:43:48 2015;taki_dsl_p;192.168.53.11;78.92.255.12;MT_HAAP_INFOG;Interim-Update;0;436053;1169225;MT_HAAP030000000000000d6cf6283648;0;0;Jun  9 2015 00:43:47 CEST;255.255.255.255;3a48eb713547a3be;1433803428;
Tue Jun  9 00:48:19 2015;elemerA016_dsl;192.168.53.11;78.92.255.8;MT_HAAP_INFOG;Interim-Update;0;83790;103099;MT_HAAP020000000000001db25e283653;0;0;Jun  9 2015 00:48:19 CEST;255.255.255.255;a4a559c8c5d03422;1433803699;
Tue Jun  9 00:53:48 2015;taki_dsl_p;192.168.53.11;78.92.255.12;MT_HAAP_INFOG;Interim-Update;0;447246;1188264;MT_HAAP030000000000000d6cf6283648;0;0;Jun  9 2015 00:53:47 CEST;255.255.255.255;3a48eb713547a3be;1433804028;
Tue Jun  9 00:58:19 2015;elemerA016_dsl;192.168.53.11;78.92.255.8;MT_HAAP_INFOG;Interim-Update;0;83790;103347;MT_HAAP020000000000001db25e283653;0;0;Jun  9 2015 00:58:19 CEST;255.255.255.255;a4a559c8c5d03422;1433804299;
Tue Jun  9 01:03:48 2015;taki_dsl_p;192.168.53.11;78.92.255.12;MT_HAAP_INFOG;Interim-Update;0;448260;1195080;MT_HAAP030000000000000d6cf6283648;0;0;Jun  9 2015 01:03:47 CEST;255.255.255.255;3a48eb713547a3be;1433804628;
Tue Jun  9 01:08:19 2015;elemerA016_dsl;192.168.53.11;78.92.255.8;MT_HAAP_INFOG;Interim-Update;0;83790;104001;MT_HAAP020000000000001db25e283653;0;0;Jun  9 2015 01:08:19 CEST;255.255.255.255;a4a559c8c5d03422;1433804899;
Tue Jun  9 01:13:48 2015;taki_dsl_p;192.168.53.11;78.92.255.12;MT_HAAP_INFOG;Interim-Update;0;454988;1213713;MT_HAAP030000000000000d6cf6283648;0;0;Jun  9 2015 01:13:47 CEST;255.255.255.255;3a48eb713547a3be;1433805228;
Tue Jun  9 01:18:19 2015;elemerA016_dsl;192.168.53.11;78.92.255.8;MT_HAAP_INFOG;Interim-Update;0;83790;104235;MT_HAAP020000000000001db25e283653;0;0;Jun  9 2015 01:18:19 CEST;255.255.255.255;a4a559c8c5d03422;1433805499;
Tue Jun  9 01:23:48 2015;taki_dsl_p;192.168.53.11;78.92.255.12;MT_HAAP_INFOG;Interim-Update;0;456536;1215828;MT_HAAP030000000000000d6cf6283648;0;0;Jun  9 2015 01:23:47 CEST;255.255.255.255;3a48eb713547a3be;1433805828;
Tue Jun  9 01:28:19 2015;elemerA016_dsl;192.168.53.11;78.92.255.8;MT_HAAP_INFOG;Interim-Update;0;83790;104235;MT_HAAP020000000000001db25e283653;0;0;Jun  9 2015 01:28:19 CEST;255.255.255.255;a4a559c8c5d03422;1433806099;
Tue Jun  9 01:33:48 2015;taki_dsl_p;192.168.53.11;78.92.255.12;MT_HAAP_INFOG;Interim-Update;0;457550;1217180;MT_HAAP030000000000000d6cf6283648;0;0;Jun  9 2015 01:33:47 CEST;255.255.255.255;3a48eb713547a3be;1433806428;
Tue Jun  9 01:38:19 2015;elemerA016_dsl;192.168.53.11;78.92.255.8;MT_HAAP_INFOG;Interim-Update;0;83790;106374;MT_HAAP020000000000001db25e283653;0;0;Jun  9 2015 01:38:19 CEST;255.255.255.255;a4a559c8c5d03422;1433806699;
Tue Jun  9 01:43:48 2015;taki_dsl_p;192.168.53.11;78.92.255.12;MT_HAAP_INFOG;Interim-Update;0;462999;1227615;MT_HAAP030000000000000d6cf6283648;0;0;Jun  9 2015 01:43:47 CEST;255.255.255.255;3a48eb713547a3be;1433807028;
Tue Jun  9 01:48:19 2015;elemerA016_dsl;192.168.53.11;78.92.255.8;MT_HAAP_INFOG;Interim-Update;0;83790;106530;MT_HAAP020000000000001db25e283653;0;0;Jun  9 2015 01:48:19 CEST;255.255.255.255;a4a559c8c5d03422;1433807299;
Tue Jun  9 01:53:48 2015;taki_dsl_p;192.168.53.11;78.92.255.12;MT_HAAP_INFOG;Interim-Update;0;473694;1239814;MT_HAAP030000000000000d6cf6283648;0;0;Jun  9 2015 01:53:47 CEST;255.255.255.255;3a48eb713547a3be;1433807628;
Tue Jun  9 01:58:19 2015;elemerA016_dsl;192.168.53.11;78.92.255.8;MT_HAAP_INFOG;Interim-Update;0;83790;106722;MT_HAAP020000000000001db25e283653;0;0;Jun  9 2015 01:58:19 CEST;255.255.255.255;a4a559c8c5d03422;1433807899;
Tue Jun  9 02:03:48 2015;taki_dsl_p;192.168.53.11;78.92.255.12;MT_HAAP_INFOG;Interim-Update;0;475105;1241540;MT_HAAP030000000000000d6cf6283648;0;0;Jun  9 2015 02:03:47 CEST;255.255.255.255;3a48eb713547a3be;1433808228;
Tue Jun  9 02:08:19 2015;elemerA016_dsl;192.168.53.11;78.92.255.8;MT_HAAP_INFOG;Interim-Update;0;83790;106892;MT_HAAP020000000000001db25e283653;0;0;Jun  9 2015 02:08:19 CEST;255.255.255.255;a4a559c8c5d03422;1433808499;
Tue Jun  9 02:13:48 2015;taki_dsl_p;192.168.53.11;78.92.255.12;MT_HAAP_INFOG;Interim-Update;0;476119;1242632;MT_HAAP030000000000000d6cf6283648;0;0;Jun  9 2015 02:13:47 CEST;255.255.255.255;3a48eb713547a3be;1433808828;
Tue Jun  9 02:18:19 2015;elemerA016_dsl;192.168.53.11;78.92.255.8;MT_HAAP_INFOG;Interim-Update;0;83790;107136;MT_HAAP020000000000001db25e283653;0;0;Jun  9 2015 02:18:19 CEST;255.255.255.255;a4a559c8c5d03422;1433809099;
Tue Jun  9 02:23:48 2015;taki_dsl_p;192.168.53.11;78.92.255.12;MT_HAAP_INFOG;Interim-Update;0;487109;1256794;MT_HAAP030000000000000d6cf6283648;0;0;Jun  9 2015 02:23:47 CEST;255.255.255.255;3a48eb713547a3be;1433809428;
Tue Jun  9 02:28:19 2015;elemerA016_dsl;192.168.53.11;78.92.255.8;MT_HAAP_INFOG;Interim-Update;0;83790;107386;MT_HAAP020000000000001db25e283653;0;0;Jun  9 2015 02:28:19 CEST;255.255.255.255;a4a559c8c5d03422;1433809699;
Tue Jun  9 02:33:48 2015;taki_dsl_p;192.168.53.11;78.92.255.12;MT_HAAP_INFOG;Interim-Update;0;488298;1258957;MT_HAAP030000000000000d6cf6283648;0;0;Jun  9 2015 02:33:47 CEST;255.255.255.255;3a48eb713547a3be;1433810028;
Tue Jun  9 02:38:19 2015;elemerA016_dsl;192.168.53.11;78.92.255.8;MT_HAAP_INFOG;Interim-Update;0;83790;108280;MT_HAAP020000000000001db25e283653;0;0;Jun  9 2015 02:38:19 CEST;255.255.255.255;a4a559c8c5d03422;1433810299;
Tue Jun  9 02:43:48 2015;taki_dsl_p;192.168.53.11;78.92.255.12;MT_HAAP_INFOG;Interim-Update;0;489390;1260329;MT_HAAP030000000000000d6cf6283648;0;0;Jun  9 2015 02:43:47 CEST;255.255.255.255;3a48eb713547a3be;1433810628;
Tue Jun  9 02:48:19 2015;elemerA016_dsl;192.168.53.11;78.92.255.8;MT_HAAP_INFOG;Interim-Update;0;83790;108436;MT_HAAP020000000000001db25e283653;0;0;Jun  9 2015 02:48:19 CEST;255.255.255.255;a4a559c8c5d03422;1433810899;
Tue Jun  9 02:53:48 2015;taki_dsl_p;192.168.53.11;78.92.255.12;MT_HAAP_INFOG;Interim-Update;0;496296;1270318;MT_HAAP030000000000000d6cf6283648;0;0;Jun  9 2015 02:53:47 CEST;255.255.255.255;3a48eb713547a3be;1433811228;
Tue Jun  9 02:58:19 2015;elemerA016_dsl;192.168.53.11;78.92.255.8;MT_HAAP_INFOG;Interim-Update;0;83790;108794;MT_HAAP020000000000001db25e283653;0;0;Jun  9 2015 02:58:19 CEST;255.255.255.255;a4a559c8c5d03422;1433811499;
Tue Jun  9 03:03:48 2015;taki_dsl_p;192.168.53.11;78.92.255.12;MT_HAAP_INFOG;Interim-Update;0;501402;1275061;MT_HAAP030000000000000d6cf6283648;0;0;Jun  9 2015 03:03:47 CEST;255.255.255.255;3a48eb713547a3be;1433811828;
Tue Jun  9 03:08:19 2015;elemerA016_dsl;192.168.53.11;78.92.255.8;MT_HAAP_INFOG;Interim-Update;0;83790;108976;MT_HAAP020000000000001db25e283653;0;0;Jun  9 2015 03:08:19 CEST;255.255.255.255;a4a559c8c5d03422;1433812099;
Tue Jun  9 03:13:48 2015;taki_dsl_p;192.168.53.11;78.92.255.12;MT_HAAP_INFOG;Interim-Update;0;509007;1352168;MT_HAAP030000000000000d6cf6283648;0;0;Jun  9 2015 03:13:47 CEST;255.255.255.255;3a48eb713547a3be;1433812428;
Tue Jun  9 03:18:19 2015;elemerA016_dsl;192.168.53.11;78.92.255.8;MT_HAAP_INFOG;Interim-Update;0;83790;109302;MT_HAAP020000000000001db25e283653;0;0;Jun  9 2015 03:18:19 CEST;255.255.255.255;a4a559c8c5d03422;1433812699;
Tue Jun  9 03:23:48 2015;taki_dsl_p;192.168.53.11;78.92.255.12;MT_HAAP_INFOG;Interim-Update;0;523791;1367114;MT_HAAP030000000000000d6cf6283648;0;0;Jun  9 2015 03:23:47 CEST;255.255.255.255;3a48eb713547a3be;1433813028;
Tue Jun  9 03:28:19 2015;elemerA016_dsl;192.168.53.11;78.92.255.8;MT_HAAP_INFOG;Interim-Update;0;83790;109544;MT_HAAP020000000000001db25e283653;0;0;Jun  9 2015 03:28:19 CEST;255.255.255.255;a4a559c8c5d03422;1433813299;
Tue Jun  9 03:33:48 2015;taki_dsl_p;192.168.53.11;78.92.255.12;MT_HAAP_INFOG;Interim-Update;0;524980;1368799;MT_HAAP030000000000000d6cf6283648;0;0;Jun  9 2015 03:33:47 CEST;255.255.255.255;3a48eb713547a3be;1433813628;
Tue Jun  9 03:38:19 2015;elemerA016_dsl;192.168.53.11;78.92.255.8;MT_HAAP_INFOG;Interim-Update;0;83790;110040;MT_HAAP020000000000001db25e283653;0;0;Jun  9 2015 03:38:19 CEST;255.255.255.255;a4a559c8c5d03422;1433813899;
Tue Jun  9 03:43:48 2015;taki_dsl_p;192.168.53.11;78.92.255.12;MT_HAAP_INFOG;Interim-Update;0;529598;1373374;MT_HAAP030000000000000d6cf6283648;0;0;Jun  9 2015 03:43:47 CEST;255.255.255.255;3a48eb713547a3be;1433814228;
Tue Jun  9 03:48:19 2015;elemerA016_dsl;192.168.53.11;78.92.255.8;MT_HAAP_INFOG;Interim-Update;0;83790;110210;MT_HAAP020000000000001db25e283653;0;0;Jun  9 2015 03:48:19 CEST;255.255.255.255;a4a559c8c5d03422;1433814499;
Tue Jun  9 03:53:48 2015;taki_dsl_p;192.168.53.11;78.92.255.12;MT_HAAP_INFOG;Interim-Update;0;537183;1390071;MT_HAAP030000000000000d6cf6283648;0;0;Jun  9 2015 03:53:47 CEST;255.255.255.255;3a48eb713547a3be;1433814828;
Tue Jun  9 03:58:19 2015;elemerA016_dsl;192.168.53.11;78.92.255.8;MT_HAAP_INFOG;Interim-Update;0;83790;110366;MT_HAAP020000000000001db25e283653;0;0;Jun  9 2015 03:58:19 CEST;255.255.255.255;a4a559c8c5d03422;1433815099;
Tue Jun  9 04:03:48 2015;taki_dsl_p;192.168.53.11;78.92.255.12;MT_HAAP_INFOG;Interim-Update;0;541755;1394375;MT_HAAP030000000000000d6cf6283648;0;0;Jun  9 2015 04:03:47 CEST;255.255.255.255;3a48eb713547a3be;1433815428;
Tue Jun  9 04:08:19 2015;elemerA016_dsl;192.168.53.11;78.92.255.8;MT_HAAP_INFOG;Interim-Update;0;83790;111127;MT_HAAP020000000000001db25e283653;0;0;Jun  9 2015 04:08:19 CEST;255.255.255.255;a4a559c8c5d03422;1433815699;
Tue Jun  9 04:13:48 2015;taki_dsl_p;192.168.53.11;78.92.255.12;MT_HAAP_INFOG;Interim-Update;0;543381;1396429;MT_HAAP030000000000000d6cf6283648;0;0;Jun  9 2015 04:13:47 CEST;255.255.255.255;3a48eb713547a3be;1433816028;
Tue Jun  9 04:18:19 2015;elemerA016_dsl;192.168.53.11;78.92.255.8;MT_HAAP_INFOG;Interim-Update;0;83790;111680;MT_HAAP020000000000001db25e283653;0;0;Jun  9 2015 04:18:19 CEST;255.255.255.255;a4a559c8c5d03422;1433816299;
Tue Jun  9 04:23:48 2015;taki_dsl_p;192.168.53.11;78.92.255.12;MT_HAAP_INFOG;Interim-Update;0;554479;1412174;MT_HAAP030000000000000d6cf6283648;0;0;Jun  9 2015 04:23:47 CEST;255.255.255.255;3a48eb713547a3be;1433816628;
Tue Jun  9 04:28:19 2015;elemerA016_dsl;192.168.53.11;78.92.255.8;MT_HAAP_INFOG;Interim-Update;0;83790;112006;MT_HAAP020000000000001db25e283653;0;0;Jun  9 2015 04:28:19 CEST;255.255.255.255;a4a559c8c5d03422;1433816899;
Tue Jun  9 04:33:48 2015;taki_dsl_p;192.168.53.11;78.92.255.12;MT_HAAP_INFOG;Interim-Update;0;555493;1413864;MT_HAAP030000000000000d6cf6283648;0;0;Jun  9 2015 04:33:47 CEST;255.255.255.255;3a48eb713547a3be;1433817228;
Tue Jun  9 04:38:19 2015;elemerA016_dsl;192.168.53.11;78.92.255.8;MT_HAAP_INFOG;Interim-Update;0;83790;112514;MT_HAAP020000000000001db25e283653;0;0;Jun  9 2015 04:38:19 CEST;255.255.255.255;a4a559c8c5d03422;1433817499;
Tue Jun  9 04:43:48 2015;taki_dsl_p;192.168.53.11;78.92.255.12;MT_HAAP_INFOG;Interim-Update;0;556507;1417367;MT_HAAP030000000000000d6cf6283648;0;0;Jun  9 2015 04:43:47 CEST;255.255.255.255;3a48eb713547a3be;1433817828;
Tue Jun  9 04:48:19 2015;elemerA016_dsl;192.168.53.11;78.92.255.8;MT_HAAP_INFOG;Interim-Update;0;83790;115807;MT_HAAP020000000000001db25e283653;0;0;Jun  9 2015 04:48:19 CEST;255.255.255.255;a4a559c8c5d03422;1433818099;
Tue Jun  9 04:53:48 2015;taki_dsl_p;192.168.53.11;78.92.255.12;MT_HAAP_INFOG;Interim-Update;0;563705;1429995;MT_HAAP030000000000000d6cf6283648;0;0;Jun  9 2015 04:53:47 CEST;255.255.255.255;3a48eb713547a3be;1433818428;
Tue Jun  9 04:58:19 2015;elemerA016_dsl;192.168.53.11;78.92.255.8;MT_HAAP_INFOG;Interim-Update;0;83790;115982;MT_HAAP020000000000001db25e283653;0;0;Jun  9 2015 04:58:19 CEST;255.255.255.255;a4a559c8c5d03422;1433818699;
Tue Jun  9 05:03:48 2015;taki_dsl_p;192.168.53.11;78.92.255.12;MT_HAAP_INFOG;Interim-Update;0;564797;1431884;MT_HAAP030000000000000d6cf6283648;0;0;Jun  9 2015 05:03:47 CEST;255.255.255.255;3a48eb713547a3be;1433819028;
Tue Jun  9 05:08:19 2015;elemerA016_dsl;192.168.53.11;78.92.255.8;MT_HAAP_INFOG;Interim-Update;0;83790;116706;MT_HAAP020000000000001db25e283653;0;0;Jun  9 2015 05:08:19 CEST;255.255.255.255;a4a559c8c5d03422;1433819299;
Tue Jun  9 05:13:48 2015;taki_dsl_p;192.168.53.11;78.92.255.12;MT_HAAP_INFOG;Interim-Update;0;565811;1433324;MT_HAAP030000000000000d6cf6283648;0;0;Jun  9 2015 05:13:47 CEST;255.255.255.255;3a48eb713547a3be;1433819628;
Tue Jun  9 05:18:19 2015;elemerA016_dsl;192.168.53.11;78.92.255.8;MT_HAAP_INFOG;Interim-Update;0;83790;117038;MT_HAAP020000000000001db25e283653;0;0;Jun  9 2015 05:18:19 CEST;255.255.255.255;a4a559c8c5d03422;1433819899;
Tue Jun  9 05:23:48 2015;taki_dsl_p;192.168.53.11;78.92.255.12;MT_HAAP_INFOG;Interim-Update;0;580698;1448415;MT_HAAP030000000000000d6cf6283648;0;0;Jun  9 2015 05:23:47 CEST;255.255.255.255;3a48eb713547a3be;1433820228;
Tue Jun  9 05:28:19 2015;elemerA016_dsl;192.168.53.11;78.92.255.8;MT_HAAP_INFOG;Interim-Update;0;83790;118263;MT_HAAP020000000000001db25e283653;0;0;Jun  9 2015 05:28:19 CEST;255.255.255.255;a4a559c8c5d03422;1433820499;
Tue Jun  9 05:33:48 2015;taki_dsl_p;192.168.53.11;78.92.255.12;MT_HAAP_INFOG;Interim-Update;0;581712;1449857;MT_HAAP030000000000000d6cf6283648;0;0;Jun  9 2015 05:33:47 CEST;255.255.255.255;3a48eb713547a3be;1433820828;
Tue Jun  9 05:38:19 2015;elemerA016_dsl;192.168.53.11;78.92.255.8;MT_HAAP_INFOG;Interim-Update;0;83790;118341;MT_HAAP020000000000001db25e283653;0;0;Jun  9 2015 05:38:19 CEST;255.255.255.255;a4a559c8c5d03422;1433821099;
Tue Jun  9 05:43:48 2015;taki_dsl_p;192.168.53.11;78.92.255.12;MT_HAAP_INFOG;Interim-Update;0;593408;1462195;MT_HAAP030000000000000d6cf6283648;0;0;Jun  9 2015 05:43:47 CEST;255.255.255.255;3a48eb713547a3be;1433821428;
Tue Jun  9 05:48:19 2015;elemerA016_dsl;192.168.53.11;78.92.255.8;MT_HAAP_INFOG;Interim-Update;0;83790;118913;MT_HAAP020000000000001db25e283653;0;0;Jun  9 2015 05:48:19 CEST;255.255.255.255;a4a559c8c5d03422;1433821699;
Tue Jun  9 05:53:48 2015;taki_dsl_p;192.168.53.11;78.92.255.12;MT_HAAP_INFOG;Interim-Update;0;600895;1472206;MT_HAAP030000000000000d6cf6283648;0;0;Jun  9 2015 05:53:47 CEST;255.255.255.255;3a48eb713547a3be;1433822028;
Tue Jun  9 05:58:19 2015;elemerA016_dsl;192.168.53.11;78.92.255.8;MT_HAAP_INFOG;Interim-Update;0;83790;119172;MT_HAAP020000000000001db25e283653;0;0;Jun  9 2015 05:58:19 CEST;255.255.255.255;a4a559c8c5d03422;1433822299;
Tue Jun  9 06:03:48 2015;taki_dsl_p;192.168.53.11;78.92.255.12;MT_HAAP_INFOG;Interim-Update;0;601909;1474271;MT_HAAP030000000000000d6cf6283648;0;0;Jun  9 2015 06:03:47 CEST;255.255.255.255;3a48eb713547a3be;1433822628;
Tue Jun  9 06:08:19 2015;elemerA016_dsl;192.168.53.11;78.92.255.8;MT_HAAP_INFOG;Interim-Update;0;83790;119780;MT_HAAP020000000000001db25e283653;0;0;Jun  9 2015 06:08:19 CEST;255.255.255.255;a4a559c8c5d03422;1433822899;
Tue Jun  9 06:13:48 2015;taki_dsl_p;192.168.53.11;78.92.255.12;MT_HAAP_INFOG;Interim-Update;0;602923;1475563;MT_HAAP030000000000000d6cf6283648;0;0;Jun  9 2015 06:13:47 CEST;255.255.255.255;3a48eb713547a3be;1433823228;
Tue Jun  9 06:18:19 2015;elemerA016_dsl;192.168.53.11;78.92.255.8;MT_HAAP_INFOG;Interim-Update;0;83790;119885;MT_HAAP020000000000001db25e283653;0;0;Jun  9 2015 06:18:19 CEST;255.255.255.255;a4a559c8c5d03422;1433823499;
Tue Jun  9 06:23:48 2015;taki_dsl_p;192.168.53.11;78.92.255.12;MT_HAAP_INFOG;Interim-Update;0;615610;1491386;MT_HAAP030000000000000d6cf6283648;0;0;Jun  9 2015 06:23:47 CEST;255.255.255.255;3a48eb713547a3be;1433823828;
Tue Jun  9 06:28:19 2015;elemerA016_dsl;192.168.53.11;78.92.255.8;MT_HAAP_INFOG;Interim-Update;0;83790;120082;MT_HAAP020000000000001db25e283653;0;0;Jun  9 2015 06:28:19 CEST;255.255.255.255;a4a559c8c5d03422;1433824099;
Tue Jun  9 06:33:48 2015;taki_dsl_p;192.168.53.11;78.92.255.12;MT_HAAP_INFOG;Interim-Update;0;623771;1499379;MT_HAAP030000000000000d6cf6283648;0;0;Jun  9 2015 06:33:47 CEST;255.255.255.255;3a48eb713547a3be;1433824428;
Tue Jun  9 06:38:19 2015;elemerA016_dsl;192.168.53.11;78.92.255.8;MT_HAAP_INFOG;Interim-Update;0;83790;120238;MT_HAAP020000000000001db25e283653;0;0;Jun  9 2015 06:38:19 CEST;255.255.255.255;a4a559c8c5d03422;1433824699;
Tue Jun  9 06:43:48 2015;taki_dsl_p;192.168.53.11;78.92.255.12;MT_HAAP_INFOG;Interim-Update;0;627996;1507453;MT_HAAP030000000000000d6cf6283648;0;0;Jun  9 2015 06:43:47 CEST;255.255.255.255;3a48eb713547a3be;1433825028;
Tue Jun  9 06:48:19 2015;elemerA016_dsl;192.168.53.11;78.92.255.8;MT_HAAP_INFOG;Interim-Update;0;83790;120968;MT_HAAP020000000000001db25e283653;0;0;Jun  9 2015 06:48:19 CEST;255.255.255.255;a4a559c8c5d03422;1433825299;
Tue Jun  9 06:53:48 2015;taki_dsl_p;192.168.53.11;78.92.255.12;MT_HAAP_INFOG;Interim-Update;0;640914;1523847;MT_HAAP030000000000000d6cf6283648;0;0;Jun  9 2015 06:53:47 CEST;255.255.255.255;3a48eb713547a3be;1433825628;
Tue Jun  9 06:58:19 2015;elemerA016_dsl;192.168.53.11;78.92.255.8;MT_HAAP_INFOG;Interim-Update;0;83790;121257;MT_HAAP020000000000001db25e283653;0;0;Jun  9 2015 06:58:19 CEST;255.255.255.255;a4a559c8c5d03422;1433825899;
Tue Jun  9 07:03:48 2015;taki_dsl_p;192.168.53.11;78.92.255.12;MT_HAAP_INFOG;Interim-Update;0;641928;1525138;MT_HAAP030000000000000d6cf6283648;0;0;Jun  9 2015 07:03:47 CEST;255.255.255.255;3a48eb713547a3be;1433826228;
Tue Jun  9 07:08:19 2015;elemerA016_dsl;192.168.53.11;78.92.255.8;MT_HAAP_INFOG;Interim-Update;0;83790;121575;MT_HAAP020000000000001db25e283653;0;0;Jun  9 2015 07:08:19 CEST;255.255.255.255;a4a559c8c5d03422;1433826499;
Tue Jun  9 07:13:48 2015;taki_dsl_p;192.168.53.11;78.92.255.12;MT_HAAP_INFOG;Interim-Update;0;648462;1534277;MT_HAAP030000000000000d6cf6283648;0;0;Jun  9 2015 07:13:47 CEST;255.255.255.255;3a48eb713547a3be;1433826828;
Tue Jun  9 07:18:19 2015;elemerA016_dsl;192.168.53.11;78.92.255.8;MT_HAAP_INFOG;Interim-Update;0;83790;122710;MT_HAAP020000000000001db25e283653;0;0;Jun  9 2015 07:18:19 CEST;255.255.255.255;a4a559c8c5d03422;1433827099;
Tue Jun  9 07:23:48 2015;taki_dsl_p;192.168.53.11;78.92.255.12;MT_HAAP_INFOG;Interim-Update;0;650088;1536648;MT_HAAP030000000000000d6cf6283648;0;0;Jun  9 2015 07:23:47 CEST;255.255.255.255;3a48eb713547a3be;1433827428;
Tue Jun  9 07:28:19 2015;elemerA016_dsl;192.168.53.11;78.92.255.8;MT_HAAP_INFOG;Interim-Update;0;83790;125141;MT_HAAP020000000000001db25e283653;0;0;Jun  9 2015 07:28:19 CEST;255.255.255.255;a4a559c8c5d03422;1433827699;
Tue Jun  9 07:33:48 2015;taki_dsl_p;192.168.53.11;78.92.255.12;MT_HAAP_INFOG;Interim-Update;0;656618;1546304;MT_HAAP030000000000000d6cf6283648;0;0;Jun  9 2015 07:33:47 CEST;255.255.255.255;3a48eb713547a3be;1433828028;
Tue Jun  9 07:38:19 2015;elemerA016_dsl;192.168.53.11;78.92.255.8;MT_HAAP_INFOG;Interim-Update;0;83790;125586;MT_HAAP020000000000001db25e283653;0;0;Jun  9 2015 07:38:19 CEST;255.255.255.255;a4a559c8c5d03422;1433828299;
Tue Jun  9 07:43:48 2015;taki_dsl_p;192.168.53.11;78.92.255.12;MT_HAAP_INFOG;Interim-Update;0;666535;1557151;MT_HAAP030000000000000d6cf6283648;0;0;Jun  9 2015 07:43:47 CEST;255.255.255.255;3a48eb713547a3be;1433828628;
Tue Jun  9 07:48:19 2015;elemerA016_dsl;192.168.53.11;78.92.255.8;MT_HAAP_INFOG;Interim-Update;0;83790;126003;MT_HAAP020000000000001db25e283653;0;0;Jun  9 2015 07:48:19 CEST;255.255.255.255;a4a559c8c5d03422;1433828899;
Tue Jun  9 07:53:48 2015;taki_dsl_p;192.168.53.11;78.92.255.12;MT_HAAP_INFOG;Interim-Update;0;668617;1560027;MT_HAAP030000000000000d6cf6283648;0;0;Jun  9 2015 07:53:47 CEST;255.255.255.255;3a48eb713547a3be;1433829228;
Tue Jun  9 07:58:19 2015;elemerA016_dsl;192.168.53.11;78.92.255.8;MT_HAAP_INFOG;Interim-Update;0;83790;126361;MT_HAAP020000000000001db25e283653;0;0;Jun  9 2015 07:58:19 CEST;255.255.255.255;a4a559c8c5d03422;1433829499;
Tue Jun  9 08:03:48 2015;taki_dsl_p;192.168.53.11;78.92.255.12;MT_HAAP_INFOG;Interim-Update;0;669709;1561426;MT_HAAP030000000000000d6cf6283648;0;0;Jun  9 2015 08:03:47 CEST;255.255.255.255;3a48eb713547a3be;1433829828;
Tue Jun  9 08:08:19 2015;elemerA016_dsl;192.168.53.11;78.92.255.8;MT_HAAP_INFOG;Interim-Update;0;83790;126687;MT_HAAP020000000000001db25e283653;0;0;Jun  9 2015 08:08:19 CEST;255.255.255.255;a4a559c8c5d03422;1433830099;
Tue Jun  9 08:13:48 2015;taki_dsl_p;192.168.53.11;78.92.255.12;MT_HAAP_INFOG;Interim-Update;0;685475;1578977;MT_HAAP030000000000000d6cf6283648;0;0;Jun  9 2015 08:13:47 CEST;255.255.255.255;3a48eb713547a3be;1433830428;
Tue Jun  9 08:18:19 2015;elemerA016_dsl;192.168.53.11;78.92.255.8;MT_HAAP_INFOG;Interim-Update;0;83790;127096;MT_HAAP020000000000001db25e283653;0;0;Jun  9 2015 08:18:19 CEST;255.255.255.255;a4a559c8c5d03422;1433830699;
Tue Jun  9 08:23:48 2015;taki_dsl_p;192.168.53.11;78.92.255.12;MT_HAAP_INFOG;Interim-Update;0;688172;1582859;MT_HAAP030000000000000d6cf6283648;0;0;Jun  9 2015 08:23:47 CEST;255.255.255.255;3a48eb713547a3be;1433831028;
Tue Jun  9 08:28:19 2015;elemerA016_dsl;192.168.53.11;78.92.255.8;MT_HAAP_INFOG;Interim-Update;0;83790;128511;MT_HAAP020000000000001db25e283653;0;0;Jun  9 2015 08:28:19 CEST;255.255.255.255;a4a559c8c5d03422;1433831299;
Tue Jun  9 08:33:45 2015;BaloghT_mobil;192.168.53.11;78.92.255.9;MT_HAAP_INFOG;Start;0;null;null;MT_HAAP03000000000000901c33283890;null;null;Jun  9 2015 08:33:45 CEST;255.255.255.255;45ae52d63fe45359;1433831625;
Tue Jun  9 08:33:48 2015;taki_dsl_p;192.168.53.11;78.92.255.12;MT_HAAP_INFOG;Interim-Update;0;698366;1597715;MT_HAAP030000000000000d6cf6283648;0;0;Jun  9 2015 08:33:47 CEST;255.255.255.255;3a48eb713547a3be;1433831628;
Tue Jun  9 08:38:19 2015;elemerA016_dsl;192.168.53.11;78.92.255.8;MT_HAAP_INFOG;Interim-Update;0;83790;129173;MT_HAAP020000000000001db25e283653;0;0;Jun  9 2015 08:38:19 CEST;255.255.255.255;a4a559c8c5d03422;1433831899;
Tue Jun  9 08:43:45 2015;BaloghT_mobil;192.168.53.11;78.92.255.9;MT_HAAP_INFOG;Interim-Update;0;772;516;MT_HAAP03000000000000901c33283890;0;0;Jun  9 2015 08:43:45 CEST;255.255.255.255;45ae52d63fe45359;1433832225;
Tue Jun  9 08:43:48 2015;taki_dsl_p;192.168.53.11;78.92.255.12;MT_HAAP_INFOG;Interim-Update;0;708855;1621859;MT_HAAP030000000000000d6cf6283648;0;0;Jun  9 2015 08:43:47 CEST;255.255.255.255;3a48eb713547a3be;1433832228;
Tue Jun  9 08:48:19 2015;elemerA016_dsl;192.168.53.11;78.92.255.8;MT_HAAP_INFOG;Interim-Update;0;83790;130701;MT_HAAP020000000000001db25e283653;0;0;Jun  9 2015 08:48:19 CEST;255.255.255.255;a4a559c8c5d03422;1433832499;
Tue Jun  9 08:53:45 2015;BaloghT_mobil;192.168.53.11;78.92.255.9;MT_HAAP_INFOG;Interim-Update;0;772;1104;MT_HAAP03000000000000901c33283890;0;0;Jun  9 2015 08:53:45 CEST;255.255.255.255;45ae52d63fe45359;1433832825;
Tue Jun  9 08:53:48 2015;taki_dsl_p;192.168.53.11;78.92.255.12;MT_HAAP_INFOG;Interim-Update;0;710859;1633726;MT_HAAP030000000000000d6cf6283648;0;0;Jun  9 2015 08:53:47 CEST;255.255.255.255;3a48eb713547a3be;1433832828;
Tue Jun  9 08:58:19 2015;elemerA016_dsl;192.168.53.11;78.92.255.8;MT_HAAP_INFOG;Interim-Update;0;83790;133188;MT_HAAP020000000000001db25e283653;0;0;Jun  9 2015 08:58:19 CEST;255.255.255.255;a4a559c8c5d03422;1433833099;
Tue Jun  9 09:03:45 2015;BaloghT_mobil;192.168.53.11;78.92.255.9;MT_HAAP_INFOG;Interim-Update;0;772;1260;MT_HAAP03000000000000901c33283890;0;0;Jun  9 2015 09:03:45 CEST;255.255.255.255;45ae52d63fe45359;1433833425;
Tue Jun  9 09:03:48 2015;taki_dsl_p;192.168.53.11;78.92.255.12;MT_HAAP_INFOG;Interim-Update;0;718084;1647492;MT_HAAP030000000000000d6cf6283648;0;0;Jun  9 2015 09:03:47 CEST;255.255.255.255;3a48eb713547a3be;1433833428;
Tue Jun  9 09:08:19 2015;elemerA016_dsl;192.168.53.11;78.92.255.8;MT_HAAP_INFOG;Interim-Update;0;83790;133500;MT_HAAP020000000000001db25e283653;0;0;Jun  9 2015 09:08:19 CEST;255.255.255.255;a4a559c8c5d03422;1433833699;
Tue Jun  9 09:13:45 2015;BaloghT_mobil;192.168.53.11;78.92.255.9;MT_HAAP_INFOG;Interim-Update;0;772;2158;MT_HAAP03000000000000901c33283890;0;0;Jun  9 2015 09:13:45 CEST;255.255.255.255;45ae52d63fe45359;1433834025;
Tue Jun  9 09:13:48 2015;taki_dsl_p;192.168.53.11;78.92.255.12;MT_HAAP_INFOG;Interim-Update;0;724522;1662265;MT_HAAP030000000000000d6cf6283648;0;0;Jun  9 2015 09:13:47 CEST;255.255.255.255;3a48eb713547a3be;1433834028;
Tue Jun  9 09:18:19 2015;elemerA016_dsl;192.168.53.11;78.92.255.8;MT_HAAP_INFOG;Interim-Update;0;83790;134650;MT_HAAP020000000000001db25e283653;0;0;Jun  9 2015 09:18:19 CEST;255.255.255.255;a4a559c8c5d03422;1433834299;
Tue Jun  9 09:23:45 2015;BaloghT_mobil;192.168.53.11;78.92.255.9;MT_HAAP_INFOG;Interim-Update;0;772;2682;MT_HAAP03000000000000901c33283890;0;0;Jun  9 2015 09:23:45 CEST;255.255.255.255;45ae52d63fe45359;1433834625;
Tue Jun  9 09:23:48 2015;taki_dsl_p;192.168.53.11;78.92.255.12;MT_HAAP_INFOG;Interim-Update;0;733813;1684549;MT_HAAP030000000000000d6cf6283648;0;0;Jun  9 2015 09:23:47 CEST;255.255.255.255;3a48eb713547a3be;1433834628;
Tue Jun  9 09:28:19 2015;elemerA016_dsl;192.168.53.11;78.92.255.8;MT_HAAP_INFOG;Interim-Update;0;83790;135058;MT_HAAP020000000000001db25e283653;0;0;Jun  9 2015 09:28:19 CEST;255.255.255.255;a4a559c8c5d03422;1433834899;
Tue Jun  9 09:33:45 2015;BaloghT_mobil;192.168.53.11;78.92.255.9;MT_HAAP_INFOG;Interim-Update;0;772;3018;MT_HAAP03000000000000901c33283890;0;0;Jun  9 2015 09:33:45 CEST;255.255.255.255;45ae52d63fe45359;1433835225;
Tue Jun  9 09:33:48 2015;taki_dsl_p;192.168.53.11;78.92.255.12;MT_HAAP_INFOG;Interim-Update;0;735224;1691711;MT_HAAP030000000000000d6cf6283648;0;0;Jun  9 2015 09:33:47 CEST;255.255.255.255;3a48eb713547a3be;1433835228;
Tue Jun  9 09:38:19 2015;elemerA016_dsl;192.168.53.11;78.92.255.8;MT_HAAP_INFOG;Interim-Update;0;83790;135238;MT_HAAP020000000000001db25e283653;0;0;Jun  9 2015 09:38:19 CEST;255.255.255.255;a4a559c8c5d03422;1433835499;
Tue Jun  9 09:39:43 2015;elemerA016_dsl;192.168.53.11;78.92.255.8;MT_HAAP_INFOG;Stop;0;83790;135534;MT_HAAP020000000000001db25e283653;0;0;Jun  9 2015 09:39:43 CEST;255.255.255.255;a4a559c8c5d03422;1433835583;
Tue Jun  9 09:39:46 2015;taki_dsl_p;192.168.53.11;78.92.255.12;MT_HAAP_INFOG;Stop;0;735848;1695877;MT_HAAP030000000000000d6cf6283648;0;0;Jun  9 2015 09:39:45 CEST;255.255.255.255;3a48eb713547a3be;1433835586;
Tue Jun  9 09:39:46 2015;BaloghT_mobil;192.168.53.11;78.92.255.9;MT_HAAP_INFOG;Stop;0;772;3301;MT_HAAP03000000000000901c33283890;0;0;Jun  9 2015 09:39:45 CEST;255.255.255.255;45ae52d63fe45359;1433835586;
Tue Jun  9 09:39:48 2015;BaloghT_mobil;192.168.53.11;78.92.255.5;MT_HAAP_INFOG;Start;0;null;null;MT_HAAP0300000000000005ee19283648;null;null;Jun  9 2015 09:39:48 CEST;255.255.255.255;9a0e93e772cde478;1433835588;
Tue Jun  9 09:39:48 2015;elemer_mobil;192.168.53.11;78.92.255.14;MT_HAAP_INFOG;Start;0;null;null;MT_HAAP02000000000000100027283649;null;null;Jun  9 2015 09:39:48 CEST;255.255.255.255;af605e44d652419a;1433835588;
Tue Jun  9 09:39:51 2015;taki_mobil;192.168.53.11;78.92.255.13;MT_HAAP_INFOG;Start;0;null;null;MT_HAAP03000000000000941827283650;null;null;Jun  9 2015 09:39:51 CEST;255.255.255.255;99f74210ba9290b6;1433835591;